Ticket ID,Opened,Resolved,Priority,Status,Category,Subcategory,Short Description,Department,Location,Assigned Engineer,Network Segment,Proxy,Engineer Comments,Root Cause
INC100332,02/10/2025 11:49,05/10/2025 11:49,P2 - High,Resolved,Email & Calendar,Outlook Desktop,Outlook rules not firing on new emails,Marketing,Leeds HQ - Floor 2,Lucy Barker,VLAN-240,PROXY-UK-01,Reviewed rules - server-side rule limit exceeded. Consolidated rules and re-enabled. Monitoring.,Office repair required
INC100268,03/10/2025 16:51,13/10/2025 16:51,P3 - Medium,Resolved,Productivity Apps,Microsoft 365 Apps,Excel crashing when opening large workbooks,Programme Delivery,Bristol Hub,Sarah Chen,VLAN-220,PROXY-UK-02,OneNote notebook was over 2GB. Archived old sections to reduce size. Sync resumed after cache clear.,Co-authoring conflict
INC100244,03/10/2025 23:31,07/10/2025 23:31,P2 - High,Resolved,Security & Compliance,Microsoft Defender,Defender scan running during business hours,Programme Delivery,Leeds HQ - Floor 3,Emma Fitzgerald,VLAN-250,PROXY-UK-02,Added application to Defender exclusion list after validating with vendor. Application now runs normally.,URL categorisation
INC100385,06/10/2025 11:21,09/10/2025 11:21,P3 - Medium,Resolved,File Storage & Sync,OneDrive for Business,OneDrive known folder move failing,Business Intelligence,Leeds HQ - Floor 4,Lucy Barker,VLAN-240,PROXY-UK-03,"Files-on-demand was re-enabled by policy. Files still in cloud, just not showing locally. Pinned key folders.",Files-on-demand setting
INC100142,06/10/2025 15:15,13/10/2025 15:15,P3 - Medium,Closed,Collaboration & Communication,Microsoft Teams,Teams video freezing while audio continues,Commissioning,Leeds HQ - Floor 4,Helen Cross,VLAN-250,PROXY-UK-02,User reports calls fine on mobile (4G) but terrible on office WiFi and wired. Ran Teams call quality diagnostics - high packet loss and jitter. Network team says bandwidth is fine.,Teams client bug
INC100413,07/10/2025 01:07,12/10/2025 01:07,P2 - High,Closed,Collaboration & Communication,Microsoft Teams,Teams notification sounds not working,Legal,London Bridge Office,Emma Fitzgerald,VLAN-230,PROXY-UK-02,SharePoint permissions on backing site were incorrect. Fixed permissions and file tab loading properly.,Federation settings
INC100093,08/10/2025 12:28,13/10/2025 12:28,P3 - Medium,Resolved,File Storage & Sync,OneDrive for Business,OneDrive sync conflict errors on multiple files,IT,Redditch Office,James Patel,VLAN-230,PROXY-UK-03,Checked OneDrive sync status - 847 files pending. No obvious file locks or naming issues. Restarted OneDrive service. Some files started syncing but many still stuck.,File lock conflict
INC100559,09/10/2025 21:02,11/10/2025 21:02,P2 - High,Resolved,Productivity Apps,Microsoft 365 Apps,Excel crashing when opening large workbooks,Data & Analytics,Redditch Office,Marcus Williams,VLAN-220,PROXY-UK-02,Co-authoring conflicts due to simultaneous section edits. Enabled AutoSave and educated team on co-auth best practices.,Data source change
INC100391,10/10/2025 06:31,14/10/2025 06:31,P2 - High,Awaiting Problem Mgmt,Email & Calendar,Outlook Web (OWA),OWA session timing out after 5 minutes,Business Intelligence,Remote - Home Worker,Tom Adeyemi,VLAN-210,PROXY-UK-03,Search index was stale. Microsoft-side reindex resolved after 24 hours. No local action needed.,Browser cache issue
INC100457,10/10/2025 19:32,19/10/2025 19:32,P3 - Medium,Resolved,Email & Calendar,Outlook Desktop,Outlook mail merge failing with Word integration,Marketing,Manchester Hub,Marcus Williams,VLAN-230,PROXY-UK-03,Images were linked rather than embedded. Rebuilt signature with embedded images. Tested send/receive OK.,Office repair required
INC100280,10/10/2025 19:42,15/10/2025 19:42,P3 - Medium,Awaiting Problem Mgmt,Email & Calendar,Outlook Desktop,Outlook rules not firing on new emails,Clinical Services,Remote - Home Worker,Priya Sharma,VLAN-220,PROXY-UK-02,Office repair resolved the Word-Outlook integration issue. Mail merge now completing successfully.,User training issue
INC100451,10/10/2025 19:50,18/10/2025 19:50,P3 - Medium,Awaiting Problem Mgmt,Email & Calendar,Outlook Web (OWA),OWA session timing out after 5 minutes,Pharmacy,Remote - Home Worker,Emma Fitzgerald,VLAN-220,PROXY-UK-01,Search index was stale. Microsoft-side reindex resolved after 24 hours. No local action needed.,Extension conflict
INC100298,13/10/2025 18:06,16/10/2025 18:06,P2 - High,Closed,Collaboration & Communication,Microsoft Teams,Teams background effects not available,Pharmacy,Manchester Hub,Helen Cross,VLAN-250,PROXY-UK-02,Notification settings had been muted at OS level. Re-enabled Windows notification permissions for Teams.,Driver issue
INC100551,15/10/2025 03:11,20/10/2025 03:11,P2 - High,Awaiting Problem Mgmt,Email & Calendar,Outlook Desktop,Outlook mail merge failing with Word integration,Pharmacy,Redditch Office,James Patel,VLAN-220,PROXY-UK-01,Reviewed rules - server-side rule limit exceeded. Consolidated rules and re-enabled. Monitoring.,Cache corruption
INC100390,16/10/2025 09:13,17/10/2025 09:13,P1 - Critical,Resolved,Email & Calendar,Outlook Desktop,Outlook rules not firing on new emails,Data & Analytics,Leeds HQ - Floor 3,David Okonkwo,VLAN-220,PROXY-UK-02,Reviewed rules - server-side rule limit exceeded. Consolidated rules and re-enabled. Monitoring.,Feature limitation
INC100588,17/10/2025 15:21,31/10/2025 15:21,P3 - Medium,Closed,Productivity Apps,Microsoft 365 Apps,Word document formatting lost on save,Programme Delivery,Leeds HQ - Floor 4,Raj Mehta,VLAN-230,PROXY-UK-02,Workbook contained volatile formulas recalculating entire sheet. Optimised formulas and enabled manual calculation.,Formula performance
INC100340,18/10/2025 02:42,24/10/2025 02:42,P4 - Low,Resolved,Identity & Access,Azure AD / Entra ID,SSO not working for M365 apps,Legal,Manchester Hub,David Okonkwo,VLAN-230,PROXY-UK-01,User was connecting from new location triggering geo-block. Added location to trusted range after verification.,Group membership
INC100264,18/10/2025 12:03,25/10/2025 12:03,P3 - Medium,Closed,Collaboration & Communication,Microsoft Teams,Teams notification sounds not working,Corporate Affairs,Birmingham Satellite,Tom Adeyemi,VLAN-230,PROXY-UK-01,Meeting link was from external org with restricted federation. Enabled guest access for the domain.,Mailbox quota
INC100205,18/10/2025 17:36,23/10/2025 17:36,P2 - High,Resolved,Email & Calendar,Outlook Desktop,Outlook mail merge failing with Word integration,Operations,Newcastle Satellite,Tom Adeyemi,VLAN-240,PROXY-UK-02,Reset autocomplete cache (NK2 file). Rebuilt suggestions from GAL. Working now.,Office repair required
INC100589,18/10/2025 18:30,19/10/2025 18:30,P1 - Critical,Closed,Email & Calendar,Outlook Web (OWA),OWA search returning old results only,Legal,Leeds HQ - Floor 4,Raj Mehta,VLAN-240,PROXY-UK-03,Calendar permissions were incorrect. Reset delegate access and invites now sending properly.,Permission misconfiguration
INC100384,18/10/2025 19:24,22/10/2025 19:24,P2 - High,Closed,Productivity Apps,Microsoft 365 Apps,PowerPoint co-authoring conflicts,Corporate Affairs,London Bridge Office,Raj Mehta,VLAN-210,PROXY-UK-02,Workbook contained volatile formulas recalculating entire sheet. Optimised formulas and enabled manual calculation.,Notebook size
INC100225,19/10/2025 02:23,20/10/2025 02:23,P2 - High,Closed,Productivity Apps,Microsoft 365 Apps,OneNote sync failing across devices,Estates,Birmingham Satellite,David Okonkwo,VLAN-240,PROXY-UK-02,Workbook contained volatile formulas recalculating entire sheet. Optimised formulas and enabled manual calculation.,Compatibility mode
INC100571,19/10/2025 03:44,03/11/2025 03:44,P4 - Low,Closed,Email & Calendar,Outlook Desktop,Outlook signature not displaying images,Finance,Leeds HQ - Floor 4,Sarah Chen,VLAN-240,PROXY-UK-02,Office repair resolved the Word-Outlook integration issue. Mail merge now completing successfully.,Cache corruption
INC100310,19/10/2025 18:01,02/11/2025 18:01,P3 - Medium,Resolved,Productivity Apps,Microsoft 365 Apps,Word document formatting lost on save,Pharmacy,Leeds HQ - Floor 3,Raj Mehta,VLAN-230,PROXY-UK-03,Power Query data source had moved. Updated connection strings and queries now completing within timeout.,Formula performance
INC100279,20/10/2025 07:01,30/10/2025 07:01,P3 - Medium,Closed,Identity & Access,Azure AD / Entra ID,Password reset not sending verification code,Marketing,Newcastle Satellite,Sarah Chen,VLAN-220,PROXY-UK-03,Device was not registered in Azure AD. Joined device to Azure AD and MFA now caching correctly.,Conditional access policy
INC100594,21/10/2025 01:22,21/10/2025 01:22,P1 - Critical,Resolved,Productivity Apps,Microsoft 365 Apps,PowerPoint co-authoring conflicts,Pharmacy,Manchester Hub,James Patel,VLAN-230,PROXY-UK-02,Power Query data source had moved. Updated connection strings and queries now completing within timeout.,Formula performance
INC100114,29/10/2025 14:43,30/10/2025 14:43,P2 - High,Closed,Collaboration & Communication,Microsoft Teams,Teams 1:1 calls fine but group calls unusable,Legal,Newcastle Satellite,Raj Mehta,VLAN-250,PROXY-UK-02,User in Manchester Hub. Audio quality degrades after ~2 minutes on call. Teams health dashboard shows good service health. Local network diagnostics show intermittent packet loss.,Teams client bug
INC100472,29/10/2025 22:06,01/11/2025 22:06,P2 - High,Resolved,Security & Compliance,Microsoft Defender,DLP policy flagging false positive,Estates,Remote - Home Worker,Emma Fitzgerald,VLAN-250,PROXY-UK-03,Email was zero-day phishing. Updated Safe Attachments policy. Submitted sample to Microsoft for filter improvement.,Schedule misconfiguration
INC100324,31/10/2025 13:34,02/11/2025 13:34,P1 - Critical,Closed,Collaboration & Communication,Microsoft Teams,Teams status showing incorrect availability,Commissioning,Manchester Hub,David Okonkwo,VLAN-220,PROXY-UK-03,Teams client was on old version. Updated to latest build and channels loading normally.,Federation settings
INC100447,31/10/2025 16:42,16/11/2025 16:42,P4 - Low,Resolved,Email & Calendar,Outlook Desktop,Outlook signature not displaying images,Sales,Bristol Hub,Emma Fitzgerald,VLAN-230,PROXY-UK-02,Images were linked rather than embedded. Rebuilt signature with embedded images. Tested send/receive OK.,User training issue
INC100089,01/11/2025 13:18,09/11/2025 13:18,P3 - Medium,Closed,File Storage & Sync,OneDrive for Business,OneDrive unable to connect to cloud,Data & Analytics,Redditch Office,David Okonkwo,VLAN-230,PROXY-UK-01,User on Leeds Floor 3. Unlinked and relinked OneDrive account. Rebuilt sync relationships. Working now but flagged for monitoring. Other users on same floor have reported similar.,File lock conflict
INC100440,03/11/2025 05:51,14/11/2025 05:51,P3 - Medium,Resolved,Collaboration & Communication,Microsoft Teams,Teams status showing incorrect availability,HR,Remote - Home Worker,David Okonkwo,VLAN-220,PROXY-UK-03,SharePoint permissions on backing site were incorrect. Fixed permissions and file tab loading properly.,Permission error
INC100501,03/11/2025 23:51,11/11/2025 23:51,P4 - Low,Closed,Email & Calendar,Outlook Desktop,Outlook autocomplete not suggesting contacts,Estates,Leeds HQ - Floor 2,James Patel,VLAN-230,PROXY-UK-03,Images were linked rather than embedded. Rebuilt signature with embedded images. Tested send/receive OK.,Cache corruption
INC100580,04/11/2025 19:51,06/11/2025 19:51,P3 - Medium,Resolved,Email & Calendar,Outlook Desktop,Outlook rules not firing on new emails,Estates,Leeds HQ - Floor 4,Helen Cross,VLAN-220,PROXY-UK-03,Office repair resolved the Word-Outlook integration issue. Mail merge now completing successfully.,User training issue
INC100182,04/11/2025 20:15,06/11/2025 20:15,P3 - Medium,Resolved,Identity & Access,Azure AD / Entra ID,Guest account unable to access resources,Estates,Leeds HQ - Floor 4,Lucy Barker,VLAN-210,PROXY-UK-01,SSO certificate had expired. Renewed federation certificate. SSO working across all apps.,MFA configuration
INC100546,05/11/2025 16:56,15/11/2025 16:56,P4 - Low,Resolved,Productivity Apps,Microsoft 365 Apps,Word document formatting lost on save,Data & Analytics,Manchester Hub,Tom Adeyemi,VLAN-250,PROXY-UK-01,Co-authoring conflicts due to simultaneous section edits. Enabled AutoSave and educated team on co-auth best practices.,Compatibility mode
INC100564,05/11/2025 17:43,07/11/2025 17:43,P1 - Critical,Closed,Security & Compliance,Microsoft Defender,Defender blocking legitimate application,Sales,London Bridge Office,Sarah Chen,VLAN-220,PROXY-UK-01,Added application to Defender exclusion list after validating with vendor. Application now runs normally.,Policy exclusion needed
INC100534,06/11/2025 14:22,06/11/2025 14:22,P1 - Critical,Closed,Collaboration & Communication,SharePoint Online,SharePoint site storage approaching quota,Legal,Leeds HQ - Floor 3,Helen Cross,VLAN-210,PROXY-UK-02,Web parts required updated permissions to data source. Granted access and parts now rendering.,Browser compatibility
INC100181,07/11/2025 04:38,11/11/2025 04:38,P2 - High,Resolved,Collaboration & Communication,Microsoft Teams,Teams channels not loading for user,Estates,Leeds HQ - Floor 3,Priya Sharma,VLAN-230,PROXY-UK-01,Notification settings had been muted at OS level. Re-enabled Windows notification permissions for Teams.,Driver issue
INC100486,07/11/2025 08:00,10/11/2025 08:00,P2 - High,Awaiting Problem Mgmt,Security & Compliance,Microsoft Defender,DLP policy flagging false positive,Estates,London Bridge Office,Lucy Barker,VLAN-230,PROXY-UK-02,Email was zero-day phishing. Updated Safe Attachments policy. Submitted sample to Microsoft for filter improvement.,Schedule misconfiguration
INC100133,10/11/2025 03:55,18/11/2025 03:55,P3 - Medium,Closed,Collaboration & Communication,Microsoft Teams,Teams calls dropping after 5-10 minutes,Programme Delivery,Newcastle Satellite,James Patel,VLAN-230,PROXY-UK-02,Ran continuous ping to Teams endpoints - seeing sporadic 500ms+ spikes. Normal ping to other Microsoft services is fine. Suspect something in the network path specific to real-time traffic.,Teams client bug
INC100045,12/11/2025 01:00,22/11/2025 01:00,P3 - Medium,Resolved,Email & Calendar,Outlook Desktop,Outlook not responding - forced restart required,Operations,Birmingham Satellite,Sarah Chen,VLAN-220,PROXY-UK-02,Ran Office diagnostics tool - flagged conflict with recent Windows update. Applied Office repair. User reports improvement but still occasional freezes.,Windows update compatibility issue
INC100262,12/11/2025 12:38,17/11/2025 12:38,P2 - High,Resolved,Identity & Access,Azure AD / Entra ID,Password reset not sending verification code,Commissioning,Leeds HQ - Floor 2,Helen Cross,VLAN-230,PROXY-UK-03,SSO certificate had expired. Renewed federation certificate. SSO working across all apps.,Device registration
INC100021,12/11/2025 23:00,15/11/2025 23:00,P2 - High,Closed,Email & Calendar,Outlook Desktop,"Outlook add-ins failing to load, application hangs",Legal,London Bridge Office,Sarah Chen,VLAN-230,PROXY-UK-01,Created new Windows profile for user as escalation step. Issue did not follow to new profile initially but recurred after Windows Update ran again overnight. Note: KB5041585 installed on device.,OST file corruption
INC100053,13/11/2025 19:00,13/11/2025 19:00,P1 - Critical,Closed,Email & Calendar,Outlook Desktop,Outlook not responding - forced restart required,Sales,Leeds HQ - Floor 4,Lucy Barker,VLAN-250,PROXY-UK-03,User experiencing intermittent crashes. Event viewer shows APPCRASH in OUTLOOK.EXE. Disabled hardware acceleration as workaround. Will monitor. Note: KB5041585 installed on device.,Add-in conflict
INC100010,13/11/2025 23:00,15/11/2025 23:00,P2 - High,Resolved,Email & Calendar,Outlook Desktop,Outlook crashes when opening calendar invites,Finance,Birmingham Satellite,Priya Sharma,VLAN-220,PROXY-UK-03,Created new Windows profile for user as escalation step. Issue did not follow to new profile initially but recurred after Windows Update ran again overnight. Note: KB5041585 installed on device.,Outlook cache corruption
INC100193,14/11/2025 22:45,27/11/2025 22:45,P3 - Medium,Resolved,Email & Calendar,Outlook Desktop,Outlook calendar showing wrong timezone,Clinical Services,Manchester Hub,Sarah Chen,VLAN-250,PROXY-UK-01,Images were linked rather than embedded. Rebuilt signature with embedded images. Tested send/receive OK.,Configuration error
INC100059,16/11/2025 13:00,21/11/2025 13:00,P2 - High,Closed,Email & Calendar,Outlook Desktop,Outlook crashes when opening attachments from shared mailboxes,Business Intelligence,London Bridge Office,Lucy Barker,VLAN-230,PROXY-UK-02,Created new Windows profile for user as escalation step. Issue did not follow to new profile initially but recurred after Windows Update ran again overnight. Note: KB5041585 installed on device.,Outlook cache corruption
INC100058,16/11/2025 21:00,17/11/2025 21:00,P2 - High,Resolved,Email & Calendar,Outlook Desktop,Outlook crashes during Teams meeting join from email,Legal,Leeds HQ - Floor 2,Priya Sharma,VLAN-220,PROXY-UK-02,Cleared Outlook cache and rebuilt OST file. Issue persisted. Noticed KB5041585 was installed recently. Repaired Office installation - issue resolved for now.,Memory resource issue
INC100496,17/11/2025 01:56,19/11/2025 01:56,P1 - Critical,Closed,File Storage & Sync,OneDrive for Business,OneDrive files missing from local machine,Pharmacy,Newcastle Satellite,Sarah Chen,VLAN-220,PROXY-UK-01,"Files-on-demand was re-enabled by policy. Files still in cloud, just not showing locally. Pinned key folders.",Provisioning delay
INC100549,17/11/2025 03:48,22/11/2025 03:48,P3 - Medium,Resolved,Productivity Apps,Microsoft 365 Apps,PowerPoint co-authoring conflicts,Clinical Services,Leeds HQ - Floor 2,David Okonkwo,VLAN-240,PROXY-UK-03,Workbook contained volatile formulas recalculating entire sheet. Optimised formulas and enabled manual calculation.,Notebook size
INC100230,17/11/2025 07:52,07/12/2025 07:52,P4 - Low,Resolved,Security & Compliance,Microsoft Defender,Defender scan running during business hours,Sales,Leeds HQ - Floor 3,David Okonkwo,VLAN-240,PROXY-UK-02,URL was miscategorised. Submitted URL for recategorisation. Added to tenant allow list as interim.,Schedule misconfiguration
INC100536,17/11/2025 12:32,18/11/2025 12:32,P1 - Critical,Awaiting Problem Mgmt,Email & Calendar,Outlook Desktop,Outlook signature not displaying images,HR,Leeds HQ - Floor 4,Tom Adeyemi,VLAN-230,PROXY-UK-01,Reviewed rules - server-side rule limit exceeded. Consolidated rules and re-enabled. Monitoring.,Feature limitation
INC100066,17/11/2025 22:00,17/11/2025 22:00,P1 - Critical,Awaiting Problem Mgmt,Email & Calendar,Outlook Desktop,Outlook crashes when opening calendar invites,Legal,Newcastle Satellite,Tom Adeyemi,VLAN-210,PROXY-UK-01,Cleared Outlook cache and rebuilt OST file. Issue persisted. Noticed KB5041585 was installed recently. Repaired Office installation - issue resolved for now. Note: KB5041585 installed on device.,Windows update compatibility issue
INC100418,18/11/2025 11:16,18/11/2025 11:16,P1 - Critical,Resolved,Collaboration & Communication,SharePoint Online,SharePoint workflow not triggering,Marketing,Redditch Office,David Okonkwo,VLAN-240,PROXY-UK-01,Archived old document versions and cleared recycle bin. Recovered 15GB of quota.,Permission error
INC100439,18/11/2025 15:54,23/11/2025 15:54,P2 - High,Resolved,Email & Calendar,Outlook Web (OWA),OWA calendar invites not sending,Legal,Birmingham Satellite,Marcus Williams,VLAN-250,PROXY-UK-03,Browser extension was blocking attachment rendering. Disabled extension and attachments display correctly.,Permission misconfiguration
INC100402,19/11/2025 04:31,21/11/2025 04:31,P1 - Critical,Awaiting Problem Mgmt,Security & Compliance,Microsoft Defender,Defender scan running during business hours,Pharmacy,Redditch Office,Sarah Chen,VLAN-230,PROXY-UK-02,Email was zero-day phishing. Updated Safe Attachments policy. Submitted sample to Microsoft for filter improvement.,Zero-day threat
INC100013,19/11/2025 06:00,23/11/2025 06:00,P3 - Medium,Awaiting Problem Mgmt,Email & Calendar,Outlook Desktop,"Outlook add-ins failing to load, application hangs",Clinical Services,Bristol Hub,Sarah Chen,VLAN-250,PROXY-UK-02,Cleared Outlook cache and rebuilt OST file. Issue persisted. Noticed KB5041585 was installed recently. Repaired Office installation - issue resolved for now.,Outlook profile corruption
INC100346,19/11/2025 16:53,21/11/2025 16:53,P2 - High,Closed,Collaboration & Communication,Microsoft Teams,Teams background effects not available,Business Intelligence,Newcastle Satellite,Helen Cross,VLAN-250,PROXY-UK-02,Messages were queuing due to mailbox full. Cleaned up mailbox and messages delivered. Advised on retention policies.,Permission error
INC100033,20/11/2025 10:00,20/11/2025 10:00,P1 - Critical,Resolved,Email & Calendar,Outlook Desktop,Outlook crashes when opening attachments from shared mailboxes,Procurement,Leeds HQ - Floor 4,Priya Sharma,VLAN-230,PROXY-UK-01,Ran Office diagnostics tool - flagged conflict with recent Windows update. Applied Office repair. User reports improvement but still occasional freezes.,Windows update compatibility issue
INC100191,21/11/2025 09:20,21/11/2025 09:20,P1 - Critical,Resolved,File Storage & Sync,OneDrive for Business,OneDrive files missing from local machine,Data & Analytics,Newcastle Satellite,Helen Cross,VLAN-240,PROXY-UK-02,"Files-on-demand was re-enabled by policy. Files still in cloud, just not showing locally. Pinned key folders.",Provisioning delay
INC100196,21/11/2025 13:56,22/11/2025 13:56,P2 - High,Resolved,Collaboration & Communication,Microsoft Teams,Teams status showing incorrect availability,Estates,Newcastle Satellite,Sarah Chen,VLAN-240,PROXY-UK-03,Messages were queuing due to mailbox full. Cleaned up mailbox and messages delivered. Advised on retention policies.,Permission error
INC100040,21/11/2025 23:00,01/12/2025 23:00,P3 - Medium,Resolved,Email & Calendar,Outlook Desktop,"Outlook search returns no results, then crashes",Finance,Leeds HQ - Floor 3,Tom Adeyemi,VLAN-240,PROXY-UK-01,Ran Office diagnostics tool - flagged conflict with recent Windows update. Applied Office repair. User reports improvement but still occasional freezes.,Memory resource issue
INC100061,21/11/2025 23:00,22/11/2025 23:00,P2 - High,Resolved,Email & Calendar,Outlook Desktop,Outlook freezes when syncing shared calendars,HR,Manchester Hub,Emma Fitzgerald,VLAN-220,PROXY-UK-02,Cleared Outlook cache and rebuilt OST file. Issue persisted. Noticed KB5041585 was installed recently. Repaired Office installation - issue resolved for now. Note: KB5041585 installed on device.,Windows update compatibility issue
INC100037,22/11/2025 20:00,22/11/2025 20:00,P1 - Critical,Resolved,Email & Calendar,Outlook Desktop,Outlook freezes for 30+ seconds when switching folders,HR,Leeds HQ - Floor 3,Marcus Williams,VLAN-240,PROXY-UK-02,User experiencing intermittent crashes. Event viewer shows APPCRASH in OUTLOOK.EXE. Disabled hardware acceleration as workaround. Will monitor.,Office channel build issue
INC100048,23/11/2025 12:00,28/11/2025 12:00,P2 - High,Closed,Email & Calendar,Outlook Desktop,Outlook crashes when opening calendar invites,Pharmacy,Newcastle Satellite,James Patel,VLAN-220,PROXY-UK-03,Cleared Outlook cache and rebuilt OST file. Issue persisted. Noticed KB5041585 was installed recently. Repaired Office installation - issue resolved for now.,Office application conflict
INC100005,25/11/2025 15:00,26/11/2025 15:00,P2 - High,Resolved,Email & Calendar,Outlook Desktop,Outlook unresponsive - high memory usage observed,Procurement,London Bridge Office,Priya Sharma,VLAN-240,PROXY-UK-01,User experiencing intermittent crashes. Event viewer shows APPCRASH in OUTLOOK.EXE. Disabled hardware acceleration as workaround. Will monitor.,Outlook profile corruption
INC100221,25/11/2025 22:18,13/12/2025 22:18,P4 - Low,Awaiting Problem Mgmt,Collaboration & Communication,Microsoft Teams,Teams status showing incorrect availability,IT,Leeds HQ - Floor 4,David Okonkwo,VLAN-250,PROXY-UK-01,Cleared Teams cache (%appdata%/Microsoft/Teams). Status now reflecting correctly after restart.,OS settings
INC100212,25/11/2025 23:11,15/12/2025 23:11,P4 - Low,Resolved,Security & Compliance,Microsoft Defender,Defender blocking legitimate application,Pharmacy,Leeds HQ - Floor 3,Raj Mehta,VLAN-250,PROXY-UK-01,URL was miscategorised. Submitted URL for recategorisation. Added to tenant allow list as interim.,Policy exclusion needed
INC100024,26/11/2025 23:00,01/12/2025 23:00,P2 - High,Closed,Email & Calendar,Outlook Desktop,Outlook crashes during Teams meeting join from email,Operations,Birmingham Satellite,Priya Sharma,VLAN-220,PROXY-UK-03,User experiencing intermittent crashes. Event viewer shows APPCRASH in OUTLOOK.EXE. Disabled hardware acceleration as workaround. Will monitor.,Office installation repair required
INC100055,27/11/2025 05:00,05/12/2025 05:00,P3 - Medium,Resolved,Email & Calendar,Outlook Desktop,"Outlook add-ins failing to load, application hangs",Corporate Affairs,Newcastle Satellite,Tom Adeyemi,VLAN-210,PROXY-UK-03,Safe mode Outlook works fine. Normal mode crashes within 10 minutes. Suspect interaction between security update and Outlook COM add-ins. Note: KB5041585 installed on device.,COM add-in conflict
INC100018,27/11/2025 13:00,29/11/2025 13:00,P1 - Critical,Awaiting Problem Mgmt,Email & Calendar,Outlook Desktop,"Outlook add-ins failing to load, application hangs",Marketing,Manchester Hub,Sarah Chen,VLAN-250,PROXY-UK-01,Ran Office diagnostics tool - flagged conflict with recent Windows update. Applied Office repair. User reports improvement but still occasional freezes.,Office application conflict
INC100554,29/11/2025 21:21,06/12/2025 21:21,P3 - Medium,Awaiting Problem Mgmt,Identity & Access,Azure AD / Entra ID,Guest account unable to access resources,Business Intelligence,Bristol Hub,Priya Sharma,VLAN-230,PROXY-UK-02,User was connecting from new location triggering geo-block. Added location to trusted range after verification.,Conditional access policy
INC100029,29/11/2025 23:00,01/12/2025 23:00,P2 - High,Closed,Email & Calendar,Outlook Desktop,"Outlook add-ins failing to load, application hangs",HR,Bristol Hub,Raj Mehta,VLAN-220,PROXY-UK-03,Ran Office diagnostics tool - flagged conflict with recent Windows update. Applied Office repair. User reports improvement but still occasional freezes. Note: KB5041585 installed on device.,Memory resource issue
INC100353,30/11/2025 06:36,17/12/2025 06:36,P4 - Low,Resolved,Email & Calendar,Outlook Web (OWA),OWA loading very slowly in Chrome,Legal,Remote - Home Worker,Helen Cross,VLAN-250,PROXY-UK-02,Cleared browser cache and cookies. OWA loading normally now. Advised user to clear cache periodically.,Permission misconfiguration
INC100336,30/11/2025 18:58,21/12/2025 18:58,P4 - Low,Closed,Email & Calendar,Outlook Web (OWA),OWA search returning old results only,Finance,Bristol Hub,Marcus Williams,VLAN-250,PROXY-UK-02,Search index was stale. Microsoft-side reindex resolved after 24 hours. No local action needed.,Permission misconfiguration
INC100108,03/12/2025 08:07,16/12/2025 08:07,P3 - Medium,Resolved,Collaboration & Communication,Microsoft Teams,Teams video freezing while audio continues,Clinical Services,Manchester Hub,Raj Mehta,VLAN-220,PROXY-UK-02,Ran continuous ping to Teams endpoints - seeing sporadic 500ms+ spikes. Normal ping to other Microsoft services is fine. Suspect something in the network path specific to real-time traffic.,Teams client bug
INC100367,04/12/2025 17:34,06/12/2025 17:34,P1 - Critical,Closed,Collaboration & Communication,Microsoft Teams,Teams notification sounds not working,Programme Delivery,Leeds HQ - Floor 4,Helen Cross,VLAN-210,PROXY-UK-02,Messages were queuing due to mailbox full. Cleaned up mailbox and messages delivered. Advised on retention policies.,Client version
INC100086,05/12/2025 00:00,08/12/2025 00:00,P3 - Medium,Resolved,File Storage & Sync,OneDrive for Business,OneDrive not syncing - red X on files,Corporate Affairs,Leeds HQ - Floor 3,Tom Adeyemi,VLAN-230,PROXY-UK-01,Reinstalled OneDrive client. No improvement. Traced network path - packets dropping at firewall hop. Noted in ticket but no network change request raised yet.,Network connectivity issue
INC100503,05/12/2025 01:24,14/12/2025 01:24,P3 - Medium,Awaiting Problem Mgmt,Email & Calendar,Outlook Web (OWA),OWA session timing out after 5 minutes,Commissioning,Redditch Office,Priya Sharma,VLAN-210,PROXY-UK-02,Session policy was set too aggressively. Adjusted conditional access timeout. Now maintaining session correctly.,Service-side issue
INC100524,06/12/2025 21:37,08/12/2025 21:37,P1 - Critical,Resolved,Productivity Apps,Microsoft 365 Apps,Excel crashing when opening large workbooks,Data & Analytics,Leeds HQ - Floor 4,Marcus Williams,VLAN-240,PROXY-UK-02,Workbook contained volatile formulas recalculating entire sheet. Optimised formulas and enabled manual calculation.,Notebook size
INC100329,07/12/2025 00:37,13/12/2025 00:37,P4 - Low,Closed,Email & Calendar,Outlook Web (OWA),OWA calendar invites not sending,Estates,Leeds HQ - Floor 2,Priya Sharma,VLAN-240,PROXY-UK-03,Session policy was set too aggressively. Adjusted conditional access timeout. Now maintaining session correctly.,Service-side issue
INC100495,07/12/2025 06:10,18/12/2025 06:10,P4 - Low,Resolved,Email & Calendar,Outlook Web (OWA),OWA search returning old results only,Procurement,Leeds HQ - Floor 4,Sarah Chen,VLAN-250,PROXY-UK-03,Browser extension was blocking attachment rendering. Disabled extension and attachments display correctly.,Extension conflict
INC100080,07/12/2025 18:29,14/12/2025 18:29,P3 - Medium,Closed,File Storage & Sync,OneDrive for Business,OneDrive sync extremely slow - less than 1KB/s,Estates,Leeds HQ - Floor 3,Tom Adeyemi,VLAN-230,PROXY-UK-01,User moved to different desk and issue resolved. Moved back to original desk and issue returned. Suspect localised network problem. Raised with network team for investigation.,Sync engine error
INC100412,08/12/2025 06:19,12/12/2025 06:19,P4 - Low,Closed,Security & Compliance,Microsoft Defender,Phishing email bypassed Defender filters,HR,Leeds HQ - Floor 3,Raj Mehta,VLAN-230,PROXY-UK-03,DLP rule was matching on partial credit card pattern in project codes. Refined regex to exclude project code format.,URL categorisation
INC100098,09/12/2025 00:00,12/12/2025 00:00,P2 - High,Closed,File Storage & Sync,OneDrive for Business,OneDrive 'upload blocked' errors appearing,Pharmacy,Leeds HQ - Floor 3,Sarah Chen,VLAN-230,PROXY-UK-02,Ran network diagnostics - general internet working fine. OneDrive specific endpoints timing out intermittently. Cleared OneDrive cache. Temporary improvement.,DNS resolution failure
INC100076,10/12/2025 00:00,31/12/2025 00:00,P4 - Low,Resolved,File Storage & Sync,OneDrive for Business,OneDrive unable to connect to cloud,Procurement,Redditch Office,Emma Fitzgerald,VLAN-230,PROXY-UK-01,User moved to different desk and issue resolved. Moved back to original desk and issue returned. Suspect localised network problem. Raised with network team for investigation.,File lock conflict
INC100428,10/12/2025 01:53,19/12/2025 01:53,P3 - Medium,Resolved,Email & Calendar,Outlook Desktop,Outlook mail merge failing with Word integration,Estates,Manchester Hub,Lucy Barker,VLAN-250,PROXY-UK-02,Reviewed rules - server-side rule limit exceeded. Consolidated rules and re-enabled. Monitoring.,Feature limitation
INC100083,11/12/2025 00:00,17/12/2025 00:00,P3 - Medium,Resolved,File Storage & Sync,OneDrive for Business,OneDrive files showing as 'sync pending' for 24+ hours,Pharmacy,Redditch Office,David Okonkwo,VLAN-230,PROXY-UK-03,Multiple files in conflict state. Manually resolved conflicts. Underlying sync issue persists. User working from OneDrive web as interim solution.,Local cache corruption
INC100383,12/12/2025 01:58,14/12/2025 01:58,P1 - Critical,Awaiting Problem Mgmt,Security & Compliance,Microsoft Defender,DLP policy flagging false positive,Operations,Redditch Office,Lucy Barker,VLAN-250,PROXY-UK-01,Added application to Defender exclusion list after validating with vendor. Application now runs normally.,Zero-day threat
INC100320,13/12/2025 01:11,30/12/2025 01:11,P4 - Low,Closed,File Storage & Sync,OneDrive for Business,OneDrive known folder move failing,Pharmacy,Remote - Home Worker,Helen Cross,VLAN-210,PROXY-UK-01,"Files-on-demand was re-enabled by policy. Files still in cloud, just not showing locally. Pinned key folders.",GPO conflict
INC100563,13/12/2025 18:10,17/12/2025 18:10,P2 - High,Closed,File Storage & Sync,OneDrive for Business,OneDrive known folder move failing,Operations,Bristol Hub,Marcus Williams,VLAN-220,PROXY-UK-03,Known folder move blocked by folder redirection GPO. Removed conflicting GPO for user. KFM completed.,File size limitation
INC100335,13/12/2025 19:53,18/12/2025 19:53,P2 - High,Resolved,Collaboration & Communication,Microsoft Teams,Teams background effects not available,Programme Delivery,Leeds HQ - Floor 2,Raj Mehta,VLAN-210,PROXY-UK-02,SharePoint permissions on backing site were incorrect. Fixed permissions and file tab loading properly.,OS settings
INC100070,14/12/2025 00:00,20/12/2025 00:00,P3 - Medium,Resolved,File Storage & Sync,OneDrive for Business,OneDrive desktop app crashing during sync operations,HR,Leeds HQ - Floor 3,James Patel,VLAN-230,PROXY-UK-01,Multiple files in conflict state. Manually resolved conflicts. Underlying sync issue persists. User working from OneDrive web as interim solution.,Network timeout
INC100128,14/12/2025 09:04,27/12/2025 09:04,P3 - Medium,Resolved,Collaboration & Communication,Microsoft Teams,Teams calls have 2-3 second audio delay,Data & Analytics,Bristol Hub,Tom Adeyemi,VLAN-240,PROXY-UK-02,User switched to Teams web client - same issue. Rules out desktop client. Browser-based speed test shows 200Mbps+ so raw bandwidth isn't the problem. Issue is specific to real-time traffic.,Network congestion
INC100512,14/12/2025 11:35,18/12/2025 11:35,P2 - High,Closed,Collaboration & Communication,SharePoint Online,SharePoint list view threshold exceeded,Finance,Redditch Office,Emma Fitzgerald,VLAN-220,PROXY-UK-01,List exceeded 5000 item view threshold. Created indexed columns and filtered views. Performance restored.,List threshold
INC100068,18/12/2025 00:00,22/12/2025 00:00,P4 - Low,Closed,File Storage & Sync,OneDrive for Business,OneDrive not syncing - red X on files,Programme Delivery,Leeds HQ - Floor 3,Lucy Barker,VLAN-230,PROXY-UK-02,Reinstalled OneDrive client. No improvement. Traced network path - packets dropping at firewall hop. Noted in ticket but no network change request raised yet.,Network timeout
INC100499,19/12/2025 00:19,06/01/2026 00:19,P4 - Low,Resolved,Collaboration & Communication,Microsoft Teams,Teams notification sounds not working,Estates,Leeds HQ - Floor 2,Sarah Chen,VLAN-250,PROXY-UK-01,Messages were queuing due to mailbox full. Cleaned up mailbox and messages delivered. Advised on retention policies.,Permission error
INC100216,20/12/2025 05:52,20/12/2025 05:52,P1 - Critical,Closed,Security & Compliance,Microsoft Defender,DLP policy flagging false positive,Commissioning,Leeds HQ - Floor 2,Priya Sharma,VLAN-230,PROXY-UK-03,Email was zero-day phishing. Updated Safe Attachments policy. Submitted sample to Microsoft for filter improvement.,DLP rule refinement
INC100276,20/12/2025 13:30,21/12/2025 13:30,P1 - Critical,Closed,Collaboration & Communication,Microsoft Teams,Teams background effects not available,Corporate Affairs,London Bridge Office,Lucy Barker,VLAN-240,PROXY-UK-01,Meeting link was from external org with restricted federation. Enabled guest access for the domain.,Client version
INC100077,24/12/2025 00:00,06/01/2026 00:00,P4 - Low,Resolved,File Storage & Sync,OneDrive for Business,OneDrive sync extremely slow - less than 1KB/s,Marketing,Leeds HQ - Floor 3,Tom Adeyemi,VLAN-230,PROXY-UK-01,User moved to different desk and issue resolved. Moved back to original desk and issue returned. Suspect localised network problem. Raised with network team for investigation.,Network connectivity issue
INC100434,24/12/2025 00:08,24/12/2025 00:08,P1 - Critical,Closed,Collaboration & Communication,Microsoft Teams,Teams background effects not available,Pharmacy,London Bridge Office,Emma Fitzgerald,VLAN-250,PROXY-UK-02,Messages were queuing due to mailbox full. Cleaned up mailbox and messages delivered. Advised on retention policies.,Client version
INC100126,25/12/2025 09:57,28/12/2025 09:57,P2 - High,Resolved,Collaboration & Communication,Microsoft Teams,"Teams meeting joins taking 30+ seconds, then poor quality",Pharmacy,Birmingham Satellite,Sarah Chen,VLAN-220,PROXY-UK-02,Multiple users reporting similar call quality issues this week. All on office network. Cleared Teams cache and updated client. No improvement. Network path shows elevated latency at proxy hop.,Client performance issue
INC100479,25/12/2025 15:23,02/01/2026 15:23,P3 - Medium,Resolved,Email & Calendar,Outlook Desktop,Outlook rules not firing on new emails,Business Intelligence,Leeds HQ - Floor 2,Marcus Williams,VLAN-250,PROXY-UK-01,Images were linked rather than embedded. Rebuilt signature with embedded images. Tested send/receive OK.,User training issue
INC100247,26/12/2025 03:41,29/12/2025 03:41,P2 - High,Resolved,Email & Calendar,Outlook Web (OWA),OWA loading very slowly in Chrome,Corporate Affairs,Bristol Hub,Raj Mehta,VLAN-220,PROXY-UK-01,Cleared browser cache and cookies. OWA loading normally now. Advised user to clear cache periodically.,Permission misconfiguration
INC100378,26/12/2025 06:06,09/01/2026 06:06,P3 - Medium,Awaiting Problem Mgmt,File Storage & Sync,OneDrive for Business,OneDrive differential sync not working for large files,Business Intelligence,London Bridge Office,Emma Fitzgerald,VLAN-250,PROXY-UK-02,"Files-on-demand was re-enabled by policy. Files still in cloud, just not showing locally. Pinned key folders.",Files-on-demand setting
INC100124,26/12/2025 14:06,08/01/2026 14:06,P3 - Medium,Closed,Collaboration & Communication,Microsoft Teams,Teams call quality very poor - robotic audio reported,IT,Redditch Office,Tom Adeyemi,VLAN-240,PROXY-UK-02,User in Manchester Hub. Audio quality degrades after ~2 minutes on call. Teams health dashboard shows good service health. Local network diagnostics show intermittent packet loss.,WiFi interference
INC100527,27/12/2025 02:20,11/01/2026 02:20,P4 - Low,Resolved,Productivity Apps,Microsoft 365 Apps,Excel crashing when opening large workbooks,Operations,Birmingham Satellite,Raj Mehta,VLAN-250,PROXY-UK-01,Power Query data source had moved. Updated connection strings and queries now completing within timeout.,Compatibility mode
INC100523,28/12/2025 16:50,30/12/2025 16:50,P1 - Critical,Resolved,Productivity Apps,Microsoft 365 Apps,OneNote sync failing across devices,Finance,London Bridge Office,Helen Cross,VLAN-210,PROXY-UK-01,Co-authoring conflicts due to simultaneous section edits. Enabled AutoSave and educated team on co-auth best practices.,Formula performance
INC100513,30/12/2025 08:53,03/01/2026 08:53,P3 - Medium,Closed,Email & Calendar,Outlook Web (OWA),OWA search returning old results only,Estates,Bristol Hub,Helen Cross,VLAN-220,PROXY-UK-01,Session policy was set too aggressively. Adjusted conditional access timeout. Now maintaining session correctly.,Permission misconfiguration
INC100185,31/12/2025 03:32,17/01/2026 03:32,P4 - Low,Awaiting Problem Mgmt,Collaboration & Communication,SharePoint Online,SharePoint list view threshold exceeded,Business Intelligence,Leeds HQ - Floor 3,Sarah Chen,VLAN-240,PROXY-UK-02,Power Automate flow had expired connection. Reauthenticated connection and workflow running again.,Browser compatibility
INC100112,31/12/2025 21:12,12/01/2026 21:12,P3 - Medium,Resolved,Collaboration & Communication,Microsoft Teams,Teams webinar presenting choppy for attendees,Pharmacy,Leeds HQ - Floor 3,Priya Sharma,VLAN-230,PROXY-UK-02,User in Manchester Hub. Audio quality degrades after ~2 minutes on call. Teams health dashboard shows good service health. Local network diagnostics show intermittent packet loss.,Client performance issue
INC100292,01/01/2026 11:28,15/01/2026 11:28,P4 - Low,Resolved,Email & Calendar,Outlook Web (OWA),OWA session timing out after 5 minutes,IT,Remote - Home Worker,James Patel,VLAN-250,PROXY-UK-02,Session policy was set too aggressively. Adjusted conditional access timeout. Now maintaining session correctly.,Browser cache issue
INC100517,01/01/2026 20:29,05/01/2026 20:29,P2 - High,Closed,Collaboration & Communication,Microsoft Teams,Teams notification sounds not working,Business Intelligence,Birmingham Satellite,Priya Sharma,VLAN-220,PROXY-UK-03,GPU drivers outdated - background effects require GPU acceleration. Updated drivers and feature now available.,Client version
INC100275,04/01/2026 15:47,04/01/2026 15:47,P1 - Critical,Closed,Collaboration & Communication,SharePoint Online,SharePoint workflow not triggering,Corporate Affairs,Birmingham Satellite,Raj Mehta,VLAN-250,PROXY-UK-03,Web parts required updated permissions to data source. Granted access and parts now rendering.,Flow connection expiry
INC100116,04/01/2026 23:57,09/01/2026 23:57,P3 - Medium,Closed,Collaboration & Communication,Microsoft Teams,Teams calls dropping after 5-10 minutes,Marketing,Manchester Hub,Priya Sharma,VLAN-220,PROXY-UK-02,Compared network path for affected and unaffected users. Affected users all route through same proxy for Teams traffic. Unaffected users go direct. Raised with infrastructure team.,Network congestion
INC100071,06/01/2026 00:00,10/01/2026 00:00,P3 - Medium,Resolved,File Storage & Sync,OneDrive for Business,OneDrive stuck on 'Processing changes',IT,Redditch Office,Sarah Chen,VLAN-230,PROXY-UK-03,Checked OneDrive sync status - 847 files pending. No obvious file locks or naming issues. Restarted OneDrive service. Some files started syncing but many still stuck.,DNS resolution failure
INC100463,06/01/2026 22:00,26/01/2026 22:00,P4 - Low,Closed,Productivity Apps,Microsoft 365 Apps,PowerPoint co-authoring conflicts,Marketing,Manchester Hub,Emma Fitzgerald,VLAN-230,PROXY-UK-03,Power Query data source had moved. Updated connection strings and queries now completing within timeout.,Data source change
INC100363,06/01/2026 23:22,07/01/2026 23:22,P2 - High,Resolved,Email & Calendar,Outlook Web (OWA),OWA not displaying email attachments,Operations,Bristol Hub,Emma Fitzgerald,VLAN-230,PROXY-UK-02,Search index was stale. Microsoft-side reindex resolved after 24 hours. No local action needed.,Service-side issue
INC100105,07/01/2026 00:00,14/01/2026 00:00,P3 - Medium,Resolved,File Storage & Sync,OneDrive for Business,OneDrive unable to connect to cloud,Pharmacy,Leeds HQ - Floor 3,David Okonkwo,VLAN-230,PROXY-UK-03,User moved to different desk and issue resolved. Moved back to original desk and issue returned. Suspect localised network problem. Raised with network team for investigation.,File lock conflict
INC100302,07/01/2026 04:02,13/01/2026 04:02,P4 - Low,Closed,Security & Compliance,Microsoft Defender,Defender blocking legitimate application,IT,Manchester Hub,Emma Fitzgerald,VLAN-240,PROXY-UK-02,DLP rule was matching on partial credit card pattern in project codes. Refined regex to exclude project code format.,Schedule misconfiguration
INC100565,07/01/2026 04:53,21/01/2026 04:53,P4 - Low,Resolved,File Storage & Sync,OneDrive for Business,OneDrive showing 'Your OneDrive isn't set up' message,Data & Analytics,Leeds HQ - Floor 2,James Patel,VLAN-250,PROXY-UK-03,Large file (2GB+) was timing out during upload. Split into smaller archives. Uploaded successfully.,File size limitation
INC100452,08/01/2026 22:47,26/01/2026 22:47,P4 - Low,Closed,Security & Compliance,Microsoft Defender,Phishing email bypassed Defender filters,Commissioning,London Bridge Office,Priya Sharma,VLAN-250,PROXY-UK-02,URL was miscategorised. Submitted URL for recategorisation. Added to tenant allow list as interim.,Policy exclusion needed
INC100519,10/01/2026 00:58,16/01/2026 00:58,P4 - Low,Resolved,Identity & Access,Azure AD / Entra ID,SSO not working for M365 apps,Commissioning,Leeds HQ - Floor 2,Lucy Barker,VLAN-220,PROXY-UK-03,Guest account was in wrong group. Added to correct access group and resources now accessible.,Conditional access policy
INC100518,11/01/2026 01:02,30/01/2026 01:02,P4 - Low,Resolved,Email & Calendar,Outlook Web (OWA),OWA calendar invites not sending,Clinical Services,Remote - Home Worker,Tom Adeyemi,VLAN-220,PROXY-UK-01,Cleared browser cache and cookies. OWA loading normally now. Advised user to clear cache periodically.,Policy configuration
INC100396,11/01/2026 03:36,12/01/2026 03:36,P1 - Critical,Resolved,Email & Calendar,Outlook Web (OWA),OWA search returning old results only,Finance,Bristol Hub,Sarah Chen,VLAN-230,PROXY-UK-01,Cleared browser cache and cookies. OWA loading normally now. Advised user to clear cache periodically.,Service-side issue
INC100101,12/01/2026 00:00,26/01/2026 00:00,P4 - Low,Closed,File Storage & Sync,OneDrive for Business,OneDrive desktop app crashing during sync operations,Marketing,Redditch Office,Helen Cross,VLAN-230,PROXY-UK-01,User moved to different desk and issue resolved. Moved back to original desk and issue returned. Suspect localised network problem. Raised with network team for investigation.,OneDrive client corruption
INC100566,13/01/2026 00:43,15/01/2026 00:43,P3 - Medium,Resolved,Collaboration & Communication,SharePoint Online,SharePoint modern page web parts not rendering,Sales,London Bridge Office,Priya Sharma,VLAN-250,PROXY-UK-03,Archived old document versions and cleared recycle bin. Recovered 15GB of quota.,Flow connection expiry
INC100084,14/01/2026 00:00,25/01/2026 00:00,P4 - Low,Resolved,File Storage & Sync,OneDrive for Business,OneDrive unable to connect to cloud,Sales,Leeds HQ - Floor 3,Marcus Williams,VLAN-230,PROXY-UK-03,Multiple files in conflict state. Manually resolved conflicts. Underlying sync issue persists. User working from OneDrive web as interim solution.,Network timeout
INC100409,14/01/2026 22:05,21/01/2026 22:05,P3 - Medium,Resolved,Collaboration & Communication,Microsoft Teams,Teams status showing incorrect availability,Commissioning,Remote - Home Worker,Raj Mehta,VLAN-220,PROXY-UK-03,Cleared Teams cache (%appdata%/Microsoft/Teams). Status now reflecting correctly after restart.,Client version
INC100111,15/01/2026 09:34,18/01/2026 09:34,P2 - High,Closed,Collaboration & Communication,Microsoft Teams,Teams calls have 2-3 second audio delay,Pharmacy,Newcastle Satellite,Lucy Barker,VLAN-240,PROXY-UK-02,User in Manchester Hub. Audio quality degrades after ~2 minutes on call. Teams health dashboard shows good service health. Local network diagnostics show intermittent packet loss.,Firewall throughput issue
INC100427,15/01/2026 19:10,21/01/2026 19:10,P3 - Medium,Closed,Email & Calendar,Outlook Web (OWA),OWA not displaying email attachments,Marketing,London Bridge Office,Marcus Williams,VLAN-220,PROXY-UK-02,Browser extension was blocking attachment rendering. Disabled extension and attachments display correctly.,Permission misconfiguration
INC100239,16/01/2026 04:07,02/02/2026 04:07,P4 - Low,Closed,Identity & Access,Azure AD / Entra ID,Password reset not sending verification code,IT,Manchester Hub,James Patel,VLAN-230,PROXY-UK-03,SSO certificate had expired. Renewed federation certificate. SSO working across all apps.,Certificate expiry
INC100120,17/01/2026 05:41,20/01/2026 05:41,P3 - Medium,Closed,Collaboration & Communication,Microsoft Teams,Teams video calls pixelated and stuttering,Pharmacy,Newcastle Satellite,Helen Cross,VLAN-250,PROXY-UK-02,User switched to Teams web client - same issue. Rules out desktop client. Browser-based speed test shows 200Mbps+ so raw bandwidth isn't the problem. Issue is specific to real-time traffic.,Firewall throughput issue
INC100490,17/01/2026 20:03,23/01/2026 20:03,P3 - Medium,Closed,Identity & Access,Azure AD / Entra ID,MFA prompt appearing on every login,Corporate Affairs,Leeds HQ - Floor 4,David Okonkwo,VLAN-210,PROXY-UK-02,Guest account was in wrong group. Added to correct access group and resources now accessible.,Group membership
INC100576,18/01/2026 21:04,20/01/2026 21:04,P1 - Critical,Closed,Identity & Access,Azure AD / Entra ID,MFA prompt appearing on every login,Procurement,Leeds HQ - Floor 2,Sarah Chen,VLAN-230,PROXY-UK-03,SSO certificate had expired. Renewed federation certificate. SSO working across all apps.,Certificate expiry
INC100251,18/01/2026 21:24,20/01/2026 21:24,P2 - High,Resolved,Productivity Apps,Microsoft 365 Apps,Word document formatting lost on save,IT,Newcastle Satellite,Helen Cross,VLAN-220,PROXY-UK-01,Workbook contained volatile formulas recalculating entire sheet. Optimised formulas and enabled manual calculation.,Data source change
INC100261,20/01/2026 14:49,02/02/2026 14:49,P3 - Medium,Resolved,Identity & Access,Azure AD / Entra ID,Password reset not sending verification code,HR,Remote - Home Worker,Lucy Barker,VLAN-230,PROXY-UK-01,Device was not registered in Azure AD. Joined device to Azure AD and MFA now caching correctly.,Conditional access policy
INC100186,21/01/2026 01:06,21/01/2026 01:06,P1 - Critical,Closed,Email & Calendar,Outlook Web (OWA),OWA not displaying email attachments,Marketing,Birmingham Satellite,Raj Mehta,VLAN-250,PROXY-UK-03,Session policy was set too aggressively. Adjusted conditional access timeout. Now maintaining session correctly.,Permission misconfiguration
INC100538,21/01/2026 03:13,26/01/2026 03:13,P3 - Medium,Closed,Identity & Access,Azure AD / Entra ID,Password reset not sending verification code,Estates,Redditch Office,James Patel,VLAN-250,PROXY-UK-03,SSO certificate had expired. Renewed federation certificate. SSO working across all apps.,Group membership
INC100358,21/01/2026 16:31,22/01/2026 16:31,P1 - Critical,Closed,Security & Compliance,Microsoft Defender,DLP policy flagging false positive,Sales,Leeds HQ - Floor 2,Lucy Barker,VLAN-210,PROXY-UK-02,Scan schedule was set to default. Reconfigured to run outside business hours via Intune policy.,Zero-day threat
INC100175,22/01/2026 10:00,26/01/2026 10:00,P2 - High,Closed,Collaboration & Communication,SharePoint Online,SharePoint search not returning results from migrated site,IT,Birmingham Satellite,Emma Fitzgerald,VLAN-240,PROXY-UK-03,Third ticket this week for same migrated SharePoint site. Pattern emerging - all sites moved in Atlas migration batch 3 have this issue. Flagged to migration project team.,Migration data mapping error
INC100209,22/01/2026 15:50,09/02/2026 15:50,P4 - Low,Resolved,Collaboration & Communication,Microsoft Teams,Teams status showing incorrect availability,Pharmacy,Leeds HQ - Floor 3,Marcus Williams,VLAN-230,PROXY-UK-02,Meeting link was from external org with restricted federation. Enabled guest access for the domain.,Client version
INC100088,24/01/2026 00:00,31/01/2026 00:00,P3 - Medium,Closed,File Storage & Sync,OneDrive for Business,OneDrive files showing as 'sync pending' for 24+ hours,Marketing,Leeds HQ - Floor 3,Tom Adeyemi,VLAN-230,PROXY-UK-02,Ran network diagnostics - general internet working fine. OneDrive specific endpoints timing out intermittently. Cleared OneDrive cache. Temporary improvement.,Authentication token expiry
INC100414,26/01/2026 11:56,30/01/2026 11:56,P2 - High,Resolved,Email & Calendar,Outlook Desktop,Outlook calendar showing wrong timezone,Sales,Birmingham Satellite,Emma Fitzgerald,VLAN-240,PROXY-UK-02,Timezone was set to UTC in OWA settings. Corrected to GMT/BST. Calendar now showing correctly.,Cache corruption
INC100148,26/01/2026 18:00,01/02/2026 18:00,P3 - Medium,Resolved,Collaboration & Communication,SharePoint Online,SharePoint search not returning results from migrated site,Data & Analytics,Leeds HQ - Floor 2,Emma Fitzgerald,VLAN-220,PROXY-UK-03,Third ticket this week for same migrated SharePoint site. Pattern emerging - all sites moved in Atlas migration batch 3 have this issue. Flagged to migration project team.,Security group membership issue
INC100154,28/01/2026 17:00,11/02/2026 17:00,P3 - Medium,Awaiting Problem Mgmt,Collaboration & Communication,SharePoint Online,SharePoint list items not visible to team despite being members,Corporate Affairs,Redditch Office,Sarah Chen,VLAN-250,PROXY-UK-01,Site migrated from old tenant 2 weeks ago. Security groups didn't map correctly during migration. Users who were members via group membership can't access. Direct permissions still work.,Azure AD sync delay
INC100444,29/01/2026 00:35,30/01/2026 00:35,P1 - Critical,Closed,Productivity Apps,Microsoft 365 Apps,Excel Power Query connections timing out,Programme Delivery,Redditch Office,Lucy Barker,VLAN-210,PROXY-UK-03,Co-authoring conflicts due to simultaneous section edits. Enabled AutoSave and educated team on co-auth best practices.,Co-authoring conflict
INC100271,29/01/2026 07:17,09/02/2026 07:17,P3 - Medium,Closed,Email & Calendar,Outlook Desktop,Outlook rules not firing on new emails,Data & Analytics,Leeds HQ - Floor 3,Marcus Williams,VLAN-210,PROXY-UK-01,Reset autocomplete cache (NK2 file). Rebuilt suggestions from GAL. Working now.,Cache corruption
INC100160,29/01/2026 12:00,01/02/2026 12:00,P2 - High,Resolved,Collaboration & Communication,SharePoint Online,SharePoint 'You need permission to access this item' error,Legal,Bristol Hub,Lucy Barker,VLAN-220,PROXY-UK-02,"Access Denied error on document library. User was previously accessing via nested security group. Post-migration, nested group membership not resolving. Added to site directly as interim fix. Affected site: Procurement-Vendor-Portal.",SharePoint permission inheritance error
INC100542,30/01/2026 13:20,19/02/2026 13:20,P4 - Low,Awaiting Problem Mgmt,Collaboration & Communication,Microsoft Teams,Teams unable to join meeting via link,Pharmacy,Manchester Hub,Raj Mehta,VLAN-220,PROXY-UK-02,Cleared Teams cache (%appdata%/Microsoft/Teams). Status now reflecting correctly after restart.,Client version
INC100144,30/01/2026 15:00,31/01/2026 15:00,P2 - High,Resolved,Collaboration & Communication,SharePoint Online,SharePoint - cannot access files that were available last week,Legal,Manchester Hub,Emma Fitzgerald,VLAN-220,PROXY-UK-02,"Investigated permission structure. Found mix of old and new SIDs in site collection. Migration tool partially mapped groups. Some mapped correctly, others show as orphaned SIDs. Affected site: Procurement-Vendor-Portal.",Migration data mapping error
INC100156,30/01/2026 16:00,07/02/2026 16:00,P3 - Medium,Resolved,Collaboration & Communication,SharePoint Online,SharePoint - cannot access files that were available last week,Clinical Services,Remote - Home Worker,Sarah Chen,VLAN-250,PROXY-UK-01,Multiple team members reporting access issues on migrated site. Permission inheritance appears broken. Some legacy groups show as SID strings rather than names. Applied individual permissions as temporary fix.,Migration data mapping error
INC100172,30/01/2026 17:00,09/02/2026 17:00,P3 - Medium,Closed,Collaboration & Communication,SharePoint Online,SharePoint search not returning results from migrated site,Finance,London Bridge Office,Lucy Barker,VLAN-240,PROXY-UK-02,Checked Azure AD group membership - user is in correct group. SharePoint shows group but with old SID. Suspect migration tool didn't remap group identifiers. Workaround: added users directly. Affected site: Estates-Project-Tracker.,User permission misconfiguration
INC100246,30/01/2026 17:05,19/02/2026 17:05,P4 - Low,Closed,Identity & Access,Azure AD / Entra ID,MFA prompt appearing on every login,Estates,London Bridge Office,Sarah Chen,VLAN-240,PROXY-UK-01,Guest account was in wrong group. Added to correct access group and resources now accessible.,Device registration
INC100350,30/01/2026 19:02,03/02/2026 19:02,P3 - Medium,Closed,Identity & Access,Azure AD / Entra ID,Conditional access blocking legitimate access,Estates,Redditch Office,Helen Cross,VLAN-210,PROXY-UK-02,Device was not registered in Azure AD. Joined device to Azure AD and MFA now caching correctly.,Conditional access policy
INC100165,01/02/2026 14:00,04/02/2026 14:00,P2 - High,Resolved,Collaboration & Communication,SharePoint Online,"SharePoint team site - some folders accessible, others not",Business Intelligence,London Bridge Office,Sarah Chen,VLAN-230,PROXY-UK-02,User reports search not finding documents they know exist. Documents are on migrated site. Search crawl may not have re-indexed with new permissions. Triggered manual crawl.,Site collection admin oversight
INC100254,01/02/2026 20:51,10/02/2026 20:51,P3 - Medium,Closed,Security & Compliance,Microsoft Defender,Phishing email bypassed Defender filters,Operations,Leeds HQ - Floor 3,Lucy Barker,VLAN-230,PROXY-UK-03,Added application to Defender exclusion list after validating with vendor. Application now runs normally.,URL categorisation
INC100258,02/02/2026 01:40,13/02/2026 01:40,P4 - Low,Awaiting Problem Mgmt,Collaboration & Communication,SharePoint Online,SharePoint site storage approaching quota,Business Intelligence,Leeds HQ - Floor 3,Priya Sharma,VLAN-240,PROXY-UK-03,List exceeded 5000 item view threshold. Created indexed columns and filtered views. Performance restored.,Flow connection expiry
INC100168,02/02/2026 13:00,07/02/2026 13:00,P2 - High,Closed,Collaboration & Communication,SharePoint Online,SharePoint external sharing broken after site move,Programme Delivery,London Bridge Office,Emma Fitzgerald,VLAN-230,PROXY-UK-02,"Access Denied error on document library. User was previously accessing via nested security group. Post-migration, nested group membership not resolving. Added to site directly as interim fix. Affected site: Programme-Delivery-Dashboard.",Azure AD sync delay
INC100153,02/02/2026 16:00,03/02/2026 16:00,P2 - High,Closed,Collaboration & Communication,SharePoint Online,SharePoint site permissions showing 'unknown user' entries,IT,Leeds HQ - Floor 4,Lucy Barker,VLAN-210,PROXY-UK-03,Checked Azure AD group membership - user is in correct group. SharePoint shows group but with old SID. Suspect migration tool didn't remap group identifiers. Workaround: added users directly.,Site collection admin oversight
INC100293,02/02/2026 22:11,02/02/2026 22:11,P1 - Critical,Closed,Security & Compliance,Microsoft Defender,Safe Links blocking valid URL,Commissioning,Leeds HQ - Floor 3,Sarah Chen,VLAN-230,PROXY-UK-03,URL was miscategorised. Submitted URL for recategorisation. Added to tenant allow list as interim.,URL categorisation
INC100372,02/02/2026 22:53,06/02/2026 22:53,P3 - Medium,Resolved,Productivity Apps,Microsoft 365 Apps,Excel Power Query connections timing out,Finance,Bristol Hub,David Okonkwo,VLAN-220,PROXY-UK-01,Workbook contained volatile formulas recalculating entire sheet. Optimised formulas and enabled manual calculation.,Notebook size
INC100483,06/02/2026 14:12,25/02/2026 14:12,P4 - Low,Resolved,Identity & Access,Azure AD / Entra ID,Conditional access blocking legitimate access,Pharmacy,Birmingham Satellite,Emma Fitzgerald,VLAN-230,PROXY-UK-03,User's phone number was outdated in MFA settings. Updated authentication methods.,Certificate expiry
INC100583,09/02/2026 11:12,17/02/2026 11:12,P3 - Medium,Resolved,Productivity Apps,Microsoft 365 Apps,Word document formatting lost on save,Marketing,Manchester Hub,Priya Sharma,VLAN-210,PROXY-UK-02,Workbook contained volatile formulas recalculating entire sheet. Optimised formulas and enabled manual calculation.,Data source change
INC100422,12/02/2026 18:11,21/02/2026 18:11,P4 - Low,Closed,Collaboration & Communication,SharePoint Online,SharePoint page not loading - blank screen,Commissioning,Leeds HQ - Floor 3,Emma Fitzgerald,VLAN-230,PROXY-UK-03,Power Automate flow had expired connection. Reauthenticated connection and workflow running again.,Browser compatibility
INC100200,13/02/2026 20:59,24/02/2026 20:59,P4 - Low,Resolved,Collaboration & Communication,SharePoint Online,SharePoint modern page web parts not rendering,HR,Manchester Hub,Emma Fitzgerald,VLAN-250,PROXY-UK-02,Web parts required updated permissions to data source. Granted access and parts now rendering.,Storage management
INC100317,14/02/2026 10:48,21/02/2026 10:48,P3 - Medium,Resolved,Collaboration & Communication,SharePoint Online,SharePoint list view threshold exceeded,Programme Delivery,Leeds HQ - Floor 3,Marcus Williams,VLAN-210,PROXY-UK-01,Browser compatibility issue. User was on IE mode. Switched to Edge Chromium and page loads correctly.,Flow connection expiry
INC100176,14/02/2026 11:32,25/02/2026 11:32,P4 - Low,Closed,Identity & Access,Azure AD / Entra ID,Password reset not sending verification code,Clinical Services,Bristol Hub,Sarah Chen,VLAN-250,PROXY-UK-03,User's phone number was outdated in MFA settings. Updated authentication methods.,Certificate expiry
INC100241,14/02/2026 22:36,01/03/2026 22:36,P4 - Low,Resolved,Security & Compliance,Microsoft Defender,Defender scan running during business hours,Pharmacy,Leeds HQ - Floor 3,Lucy Barker,VLAN-210,PROXY-UK-03,URL was miscategorised. Submitted URL for recategorisation. Added to tenant allow list as interim.,Policy exclusion needed
INC100473,15/02/2026 14:58,24/02/2026 14:58,P3 - Medium,Closed,Security & Compliance,Microsoft Defender,Defender blocking legitimate application,Estates,Leeds HQ - Floor 2,Helen Cross,VLAN-240,PROXY-UK-02,Email was zero-day phishing. Updated Safe Attachments policy. Submitted sample to Microsoft for filter improvement.,Zero-day threat
INC100401,17/02/2026 01:00,21/02/2026 01:00,P4 - Low,Resolved,Email & Calendar,Outlook Web (OWA),OWA calendar invites not sending,Pharmacy,Redditch Office,Tom Adeyemi,VLAN-240,PROXY-UK-03,Browser extension was blocking attachment rendering. Disabled extension and attachments display correctly.,Browser cache issue
INC100393,17/02/2026 12:39,20/02/2026 12:39,P2 - High,Resolved,File Storage & Sync,OneDrive for Business,OneDrive differential sync not working for large files,Data & Analytics,Leeds HQ - Floor 4,Sarah Chen,VLAN-250,PROXY-UK-02,OneDrive provisioning hadn't completed. Triggered provisioning via admin centre. Working after 15 minutes.,GPO conflict
INC100311,18/02/2026 00:23,19/02/2026 00:23,P1 - Critical,Resolved,Productivity Apps,Microsoft 365 Apps,Excel Power Query connections timing out,Clinical Services,Leeds HQ - Floor 4,Lucy Barker,VLAN-220,PROXY-UK-01,Co-authoring conflicts due to simultaneous section edits. Enabled AutoSave and educated team on co-auth best practices.,Co-authoring conflict
INC100475,18/02/2026 01:58,20/02/2026 01:58,P1 - Critical,Awaiting Problem Mgmt,File Storage & Sync,OneDrive for Business,OneDrive differential sync not working for large files,IT,Leeds HQ - Floor 2,Helen Cross,VLAN-210,PROXY-UK-01,"Files-on-demand was re-enabled by policy. Files still in cloud, just not showing locally. Pinned key folders.",File size limitation
INC100305,19/02/2026 16:14,20/02/2026 16:14,P1 - Critical,Closed,Productivity Apps,Microsoft 365 Apps,OneNote sync failing across devices,Business Intelligence,Leeds HQ - Floor 3,Sarah Chen,VLAN-210,PROXY-UK-01,Co-authoring conflicts due to simultaneous section edits. Enabled AutoSave and educated team on co-auth best practices.,Co-authoring conflict
INC100506,19/02/2026 23:15,02/03/2026 23:15,P4 - Low,Awaiting Problem Mgmt,Collaboration & Communication,Microsoft Teams,Teams notification sounds not working,Estates,Remote - Home Worker,Priya Sharma,VLAN-220,PROXY-UK-03,Messages were queuing due to mailbox full. Cleaned up mailbox and messages delivered. Advised on retention policies.,Cache corruption
INC100406,22/02/2026 08:03,09/03/2026 08:03,P4 - Low,Resolved,Productivity Apps,Microsoft 365 Apps,PowerPoint co-authoring conflicts,Procurement,Leeds HQ - Floor 3,Raj Mehta,VLAN-210,PROXY-UK-02,Document had mixed compatibility modes. Converted to pure .docx format and formatting now stable.,Notebook size
INC100553,23/02/2026 00:42,05/03/2026 00:42,P4 - Low,Resolved,Email & Calendar,Outlook Web (OWA),OWA session timing out after 5 minutes,Pharmacy,Redditch Office,Raj Mehta,VLAN-240,PROXY-UK-03,Browser extension was blocking attachment rendering. Disabled extension and attachments display correctly.,Service-side issue
INC100468,24/02/2026 14:23,26/02/2026 14:23,P2 - High,Resolved,Identity & Access,Azure AD / Entra ID,Guest account unable to access resources,HR,Leeds HQ - Floor 2,Marcus Williams,VLAN-230,PROXY-UK-02,Guest account was in wrong group. Added to correct access group and resources now accessible.,Conditional access policy
INC100449,25/02/2026 16:57,07/03/2026 16:57,P3 - Medium,Closed,Collaboration & Communication,Microsoft Teams,Teams background effects not available,Marketing,Redditch Office,Lucy Barker,VLAN-220,PROXY-UK-01,Cleared Teams cache (%appdata%/Microsoft/Teams). Status now reflecting correctly after restart.,Client version
INC100462,26/02/2026 07:49,12/03/2026 07:49,P4 - Low,Resolved,Identity & Access,Azure AD / Entra ID,MFA prompt appearing on every login,Clinical Services,Bristol Hub,Tom Adeyemi,VLAN-230,PROXY-UK-01,User was connecting from new location triggering geo-block. Added location to trusted range after verification.,Device registration
INC100373,26/02/2026 18:32,07/03/2026 18:32,P4 - Low,Resolved,Identity & Access,Azure AD / Entra ID,SSO not working for M365 apps,Marketing,Birmingham Satellite,Tom Adeyemi,VLAN-250,PROXY-UK-01,SSO certificate had expired. Renewed federation certificate. SSO working across all apps.,Certificate expiry
INC100375,26/02/2026 19:15,03/03/2026 19:15,P2 - High,Awaiting Problem Mgmt,Identity & Access,Azure AD / Entra ID,Conditional access blocking legitimate access,Operations,Newcastle Satellite,James Patel,VLAN-240,PROXY-UK-02,SSO certificate had expired. Renewed federation certificate. SSO working across all apps.,Certificate expiry
INC100382,27/02/2026 09:50,13/03/2026 09:50,P3 - Medium,Closed,Security & Compliance,Microsoft Defender,Safe Links blocking valid URL,Clinical Services,Remote - Home Worker,Marcus Williams,VLAN-230,PROXY-UK-01,DLP rule was matching on partial credit card pattern in project codes. Refined regex to exclude project code format.,DLP rule refinement
INC100399,27/02/2026 19:27,03/03/2026 19:27,P3 - Medium,Awaiting Problem Mgmt,Email & Calendar,Outlook Web (OWA),OWA loading very slowly in Chrome,Operations,Newcastle Satellite,Lucy Barker,VLAN-220,PROXY-UK-01,Calendar permissions were incorrect. Reset delegate access and invites now sending properly.,Policy configuration
INC100585,28/02/2026 05:01,02/03/2026 05:01,P3 - Medium,Resolved,Productivity Apps,Microsoft 365 Apps,PowerPoint co-authoring conflicts,Programme Delivery,Manchester Hub,Marcus Williams,VLAN-250,PROXY-UK-03,OneNote notebook was over 2GB. Archived old sections to reduce size. Sync resumed after cache clear.,Notebook size
INC100364,28/02/2026 09:16,12/03/2026 09:16,P3 - Medium,Resolved,Productivity Apps,Microsoft 365 Apps,Excel Power Query connections timing out,Marketing,Birmingham Satellite,Raj Mehta,VLAN-230,PROXY-UK-02,Workbook contained volatile formulas recalculating entire sheet. Optimised formulas and enabled manual calculation.,Co-authoring conflict
INC100189,28/02/2026 14:59,17/03/2026 14:59,P4 - Low,Resolved,File Storage & Sync,OneDrive for Business,OneDrive differential sync not working for large files,HR,Remote - Home Worker,Sarah Chen,VLAN-220,PROXY-UK-03,Known folder move blocked by folder redirection GPO. Removed conflicting GPO for user. KFM completed.,File size limitation
INC100345,01/03/2026 06:57,02/03/2026 06:57,P2 - High,Closed,Identity & Access,Azure AD / Entra ID,Guest account unable to access resources,Corporate Affairs,Bristol Hub,Marcus Williams,VLAN-220,PROXY-UK-01,Device was not registered in Azure AD. Joined device to Azure AD and MFA now caching correctly.,Group membership
INC100285,03/03/2026 03:20,04/03/2026 03:20,P1 - Critical,Resolved,Collaboration & Communication,Microsoft Teams,Teams file tab showing error,Operations,Leeds HQ - Floor 3,James Patel,VLAN-220,PROXY-UK-01,Messages were queuing due to mailbox full. Cleaned up mailbox and messages delivered. Advised on retention policies.,Mailbox quota
INC100288,03/03/2026 09:35,08/03/2026 09:35,P2 - High,Resolved,Identity & Access,Azure AD / Entra ID,Password reset not sending verification code,Sales,Manchester Hub,Tom Adeyemi,VLAN-210,PROXY-UK-03,Device was not registered in Azure AD. Joined device to Azure AD and MFA now caching correctly.,Certificate expiry
INC100570,08/03/2026 07:10,14/03/2026 07:10,P3 - Medium,Closed,Collaboration & Communication,SharePoint Online,SharePoint site storage approaching quota,IT,London Bridge Office,David Okonkwo,VLAN-210,PROXY-UK-03,Browser compatibility issue. User was on IE mode. Switched to Edge Chromium and page loads correctly.,List threshold
INC100234,09/03/2026 08:02,10/03/2026 08:02,P1 - Critical,Awaiting Problem Mgmt,Collaboration & Communication,SharePoint Online,SharePoint list view threshold exceeded,Sales,Newcastle Satellite,Tom Adeyemi,VLAN-240,PROXY-UK-02,Web parts required updated permissions to data source. Granted access and parts now rendering.,Permission error
INC100432,09/03/2026 21:02,09/03/2026 21:02,P1 - Critical,Closed,Productivity Apps,Microsoft 365 Apps,PowerPoint co-authoring conflicts,Corporate Affairs,Leeds HQ - Floor 4,Tom Adeyemi,VLAN-250,PROXY-UK-01,Workbook contained volatile formulas recalculating entire sheet. Optimised formulas and enabled manual calculation.,Notebook size
INC100265,10/03/2026 03:19,22/03/2026 03:19,P4 - Low,Closed,Collaboration & Communication,SharePoint Online,SharePoint list view threshold exceeded,IT,Manchester Hub,Tom Adeyemi,VLAN-230,PROXY-UK-01,Browser compatibility issue. User was on IE mode. Switched to Edge Chromium and page loads correctly.,Storage management
INC100507,10/03/2026 14:03,29/03/2026 14:03,P4 - Low,Closed,Productivity Apps,Microsoft 365 Apps,PowerPoint co-authoring conflicts,Sales,Newcastle Satellite,Emma Fitzgerald,VLAN-220,PROXY-UK-01,Workbook contained volatile formulas recalculating entire sheet. Optimised formulas and enabled manual calculation.,Notebook size
INC100532,12/03/2026 02:33,12/03/2026 02:33,P1 - Critical,Closed,File Storage & Sync,OneDrive for Business,OneDrive known folder move failing,IT,London Bridge Office,Lucy Barker,VLAN-230,PROXY-UK-01,Large file (2GB+) was timing out during upload. Split into smaller archives. Uploaded successfully.,File size limitation
INC100138,12/03/2026 06:46,22/03/2026 06:46,P3 - Medium,Awaiting Problem Mgmt,Collaboration & Communication,Microsoft Teams,Teams 1:1 calls fine but group calls unusable,IT,Newcastle Satellite,Priya Sharma,VLAN-230,PROXY-UK-02,User switched to Teams web client - same issue. Rules out desktop client. Browser-based speed test shows 200Mbps+ so raw bandwidth isn't the problem. Issue is specific to real-time traffic.,Network latency
INC100315,14/03/2026 03:43,17/03/2026 03:43,P3 - Medium,Awaiting Problem Mgmt,Identity & Access,Azure AD / Entra ID,Password reset not sending verification code,Finance,Remote - Home Worker,David Okonkwo,VLAN-210,PROXY-UK-01,Guest account was in wrong group. Added to correct access group and resources now accessible.,Certificate expiry
